病人姓名,病人身份证号,入院日期,出院日期,住院时间,病因,医生ID,住院费用
张晓明,430221199308098118,2023-06-10,2023-06-20,10,肺炎,D002,5000.00
李强,430221198507077118,2023-06-11,2023-06-21,10,阑尾炎,D002,6000.00
王芳,430221199210046118,2023-06-12,2023-06-22,10,急性肠炎,D001,4500.00
刘涛,430221198001022218,2023-06-13,2023-06-23,10,高血压,D002,5200.00
陈静,430221199503086118,2023-06-14,2023-06-24,10,心脏病,D001,7000.00
赵亮,430221198803193118,2023-06-15,2023-06-25,10,糖尿病,D002,4000.00
杨敏,430221198707072118,2023-06-16,2023-06-26,10,肝炎,D001,5800.00
吴斌,430221199608081118,2023-06-17,2023-06-27,10,哮喘,D002,6500.00
周丽,430221199902135118,2023-06-18,2023-06-28,10,慢性支气管炎,D001,5900.00
郑磊,430221198902081118,2023-06-19,2023-06-29,10,肺结核,D002,7200.00
冯雪,430221198511245118,2023-06-20,2023-06-30,10,肺炎,D001,5000.00
宋杰,430221198903202118,2023-06-21,2023-07-01,10,阑尾炎,D002,6000.00
丁洁,430221199708150118,2023-06-22,2023-07-02,10,急性肠炎,D001,4500.00
崔伟,430221199201098118,2023-06-23,2023-07-03,10,高血压,D002,5200.00
潘华,430221199509058118,2023-06-24,2023-07-04,10,心脏病,D001,7000.00
何丽,430221199804071118,2023-06-25,2023-07-05,10,糖尿病,D002,4000.00
韩磊,430221199202263118,2023-06-26,2023-07-06,10,肝炎,D001,5800.00
吕静,430221199601135118,2023-06-27,2023-07-07,10,哮喘,D002,6500.00
陆明,430221198506197118,2023-06-28,2023-07-08,10,慢性支气管炎,D001,5900.00
汤媛,430221199803143118,2023-06-29,2023-07-09,10,肺结核,D002,7200.00
